id;nom;matricule;email;prenom;disponibilite_max
1;sensor compress;Pants Technician Pizza;Rogelio.Leuschke@yahoo.com;Administrator real-time;4634
2;synthesize;panel Refined Fresh Bacon extranet;Alexys.Hagenes0@yahoo.com;intranet Salad;4973
3;microchip unleash program;withdrawal Stand-alone Shirt;Lexi_Cole55@gmail.com;calculate Credit Card Account;9271
4;HDD indigo;hacking archive Supervisor;Sincere42@gmail.com;program Ergonomic transmit;43857
5;bi-directional real-time;Rubber integrated Architect;Aaliyah94@yahoo.com;Producer;65229
6;HTTP Kansas;Frozen card online;Halie_Herman@hotmail.com;partnerships Generic Steel Table Senior;41538
7;tangible neural program;24/365 Personal Loan Account;Edmond_Lind@gmail.com;Roads;52550
8;Avon;Buckinghamshire schemas white;Alysson69@yahoo.com;Investment Account;98522
9;Electronics XSS;Bedfordshire;Lucas_Ferry61@hotmail.com;Tunisian Dinar;5662
10;Avon;Investment Account;Roxanne.Bahringer24@hotmail.com;Canadian Dollar Home Loan Account;93504
